City,Country
Agra,India
Amritsar,India
Aurangabad (Ajanta & Ellora Caves),India
Bangalore,India
Chennai,India
Chandigarh,India
Cochin,India
Coimbatore,India
Darjeeling,India
Delhi,India
Gangtok,India
Goa,India
Guwahati,India
Hyderabad,India
Jaipur,India
Jaisalmer,India
Jodhpur,India
Kanchipuram,India
Khajuraho,India
Kolkata,India
Kovalam,India
Kullu Manali,India
Leh-Ladakh,India
Lucknow,India
Mahabaleshwar,India
Mumbai,India
Mysore,India
Munnar,India
Nainital,India
Ooty,India
Patna,India
Pondicherry,India
Pune,India
Puri,India
Ranthambore National Park,India
Rishikesh,India
Shillong,India
Sikkim,India
Srinagar,India
Thanjavur,India
Trivandrum,India
Udaipur,India
Varanasi,India
Vadodara (Statue of Unity),India
Varkala,India
Vijayawada,India
Yercaud,India
Andaman & Nicobar Islands,India
Kerala Backwaters,India
Kutch,India